ui-dns.org,ui-dns.org
ui-dns.com,ui-dns.org
ui-dns.de,ui-dns.org
ui-dns.biz,ui-dns.org
awsdns-??.com,awsdns-??.com
awsdns-??.net,awsdns-??.com
awsdns-??.org,awsdns-??.com
awsdns-??.co.uk,awsdns-??.com
siteground.biz,siteground.biz
siteground.us,siteground.biz
siteground.eu,siteground.biz
siteground.net,siteground.biz
siteground.asia,siteground.biz
ultradns.net,ultradns.net
ultradns.org,ultradns.net
ultradns.com,ultradns.net
ultradns.biz,ultradns.net
ultradns.info,ultradns.net
ultradns.co.uk,ultradns.net
arubadns.net,arubadns.net
arubadns.cz,arubadns.net
udag.de,udag.de
udag.org,udag.de
udag.net,udag.de
cafe24.com,cafe24.com
cafe24.co.kr,cafe24.com
azure-dns.com,azure-dns.com
azure-dns.net,azure-dns.com
azure-dns.org,azure-dns.com
azure-dns.info,azure-dns.com
transip.eu,transip.eu
transip.net,transip.eu
transip.nl,transip.eu
uniregistry-dns.com,uniregistry-dns.com
uniregistry-dns.net,uniregistry-dns.com
gabia.co.kr,gabia.co.kr
gabia.net,gabia.co.kr
rumahweb.com,rumahweb.com
rumahweb.net,rumahweb.com
rumahweb.biz,rumahweb.com
rumahweb.org,rumahweb.com
donweb.mx,donweb.mx
donweb.uy,donweb.mx
donweb.bo,donweb.mx
donweb.co,donweb.mx
donweb.cl,donweb.mx
donweb.pe,donweb.mx
donweb.com.br,donweb.mx
donweb.com,donweb.mx
hostnetbv.nl,hostnetbv.nl
hostnetbv.com,hostnetbv.nl
dnsdun.com,dnsdun.com
dnsdun.net,dnsdun.com
1and1-dns.com,1and1-dns.com
1and1-dns.org,1and1-dns.com
1and1-dns.us,1and1-dns.com
1and1-dns.de,1and1-dns.com
1and1-dns.biz,1and1-dns.com
1and1-dns.co.uk,1and1-dns.com
1and1-dns.es,1and1-dns.com
1and1-dns.mx,1and1-dns.com
1and1-dns.ca,1and1-dns.com
1and1-dns.fr,1and1-dns.com
infomaniak.com,infomaniak.com
infomaniak.ch,infomaniak.com
openprovider.nl,openprovider.nl
openprovider.be,openprovider.nl
openprovider.eu,openprovider.nl
srv53.com,srv53.com
srv53.net,srv53.com
srv53.org,srv53.com
second-ns.de,second-ns.de
second-ns.com,second-ns.de
thecloudwebsiteserver.net,thecloudwebsiteserver.net
thecloudwebsiteserver.com,thecloudwebsiteserver.net
thecloudwebsiteserver.org,thecloudwebsiteserver.net
faxdns.net,faxdns.net
faxdns.com,faxdns.net
faxdns.co,faxdns.net
pavietnam.vn,pavietnam.vn
pavietnam.net,pavietnam.vn
pavietnam.com,pavietnam.vn
hosting.co.kr,hosting.co.kr
hosting.com.tr,hosting.co.kr
hosting.de,hosting.co.kr
hosting.com,hosting.co.kr
hosting.co.in,hosting.co.kr
hosting.ch,hosting.co.kr
hosting.nl,hosting.co.kr
easydns.com,easydns.com
easydns.net,easydns.com
easydns.org,easydns.com
easydns.ca,easydns.com
easydns.info,easydns.com
brandsight-dns.com,brandsight-dns.com
brandsight-dns.net,brandsight-dns.com
cdmondns-01.org,cdmondns-01.org
cdmondns-01.com,cdmondns-01.org
cnolnic.com,cnolnic.com
cnolnic.net,cnolnic.com
zxcs.nl,zxcs.nl
zxcs.be,zxcs.nl
zxcs.eu,zxcs.nl
zxcs.de,zxcs.nl
hostinger.com,hostinger.com
hostinger.com.br,hostinger.com
hostinger.in,hostinger.com
hostinger.co,hostinger.com
hostinger.es,hostinger.com
hostinger.co.uk,hostinger.com
hostinger.fr,hostinger.com
hostinger.it,hostinger.com
hostinger.ro,hostinger.com
hostinger.lt,hostinger.com
hostinger.hr,hostinger.com
hostinger.hu,hostinger.com
argewebhosting.nl,argewebhosting.nl
argewebhosting.com,argewebhosting.nl
argewebhosting.eu,argewebhosting.nl
forpsi.net,forpsi.net
forpsi.cz,forpsi.net
forpsi.it,forpsi.net
forpsi.us,forpsi.net
forpsi.cn,forpsi.net
inhostedns.net,inhostedns.net
inhostedns.com,inhostedns.net
inhostedns.org,inhostedns.net
nameserver04.com,nameserver.com
nameserver03.com,nameserver.com
nameserver02.com,nameserver.com
nameserver01.com,nameserver.com
memail-dns.org,memail-dns.com
memail-dns.net,memail-dns.com
memail-dns.com,memail-dns.com
memail-dns.co.uk,memail-dns.com

