COM,1,408,0,4,1,7,2,4,3,8,4,5,5,5,6,5,7,7,8,7,9,6,10,5,11,8,12,4,13,5,14,6,15,6
NET,1,119,0,6,1,4,2,5,3,4,4,4,5,4,6,4,7,5,8,3,9,3,10,2,11,3,12,3,13,3,14,3,15,4
CN,0,44,0,1,1,1,2,2,3,1,4,4,5,5,6,2,7,6,8,1,9,3,10,1,11,3,12,1,13,1,14,1
IN-ADDR.ARPA,0,33,0,2,2,4,3,1,4,5,5,2,7,3,8,2,9,1,10,1,11,4,12,1,13,7,14,5,15,3
QQ.COM,0,22,0,5,1,1,2,3,4,3,5,1,6,2,7,3,9,1,11,1,12,3,14,3,15,1
ORG,2,19,0,1,1,1,2,2,3,4,4,2,6,1,7,5,12,2,13,2,14,1,15,2
ROOT-SERVERS.NET,0,16,0,2,4,4,5,8,6,4,7,1,8,1,10,2,11,2,12,2,13,1
AMAZONAWS.COM,0,16,0,3,1,6,2,1,3,3,4,3,7,3,9,3,10,2,14,1,15,5
COM.CN,0,11,0,2,4,2,5,1,7,1,9,2,10,1,11,3,15,1
XDWSCACHE.OURGLB0.COM,11,9,0,2,2,1,5,3,6,1,7,1,8,2,9,2
RU,0,9,2,4,3,4,4,1,8,1,9,2,12,2,14,1
EDU,0,9,1,1,5,1,7,2,8,1,9,1,12,1,13,1
S3-WEBSITE-US-EAST-1.AMAZONAWS.COM,18,8,2,2,4,4,7,3,9,2,11,3,14,2
MICROSOFT.COM,0,8,0,2,4,2,8,1,9,1,11,1,15,6
IP4.NYUCD.NET,8,8,5,2,6,1,8,1,10,7,13,2,15,1
GTLD-SERVERS.NET,0,8,4,4,8,1,9,1,10,2,11,2,13,1
GOOGLE.COM,0,8,2,1,5,1,6,6,9,2,12,3,15,2
DE,2,8,2,1,5,2,11,2,13,1,14,1,15,4
S3.AMAZONAWS.COM,6,6,5,1,11,4,13,2,14,1,15,2
NEO-SVC.UBS.COM,6,6,0,1,1,2,8,1,9,2,14,1
IQMETRIX.COM,0,6,0,1,6,1,9,4,12,1,15,2
FFDNS.NET,0,6,4,4,5,7,7,1,10,2,11,2
EZNOWDNS.NET,0,6,3,1,6,2,9,1,12,3,15,1
CSC.COM,0,6,1,2,5,1,7,1,8,2,12,1
UC.CN,0,5,5,1,6,1,12,1,15,2
TW,0,5,7,4,8,1,11,1,13,1
POOL.NTP.ORG,8,5,1,1,2,2,4,1,12,1
MEIZU.COM,0,5,4,1,8,1,9,2,14,3
MCAFEE.COM,0,5,0,1,7,2,9,1,10,1
HUPO.COM,0,5,5,1,6,1,12,1,15,2
FASTLY.NET,0,5,5,1,6,1,12,1,15,2
COMCAST.NET,0,5,0,1,3,3,5,1,12,1
CO.UK,0,5,2,2,3,2,6,1,13,1
A.SOHU.COM,5,5,2,4,4,1,6,1,7,2
XIAOMI.COM,0,3,1,1,3,1,9,1
XDWSCACHE.OURWEBPIC.COM,4,3,7,1,10,1,11,3
UK,0,3,1,1,6,2,14,1
SINAIMG.CN,0,3,1,2,5,2,6,2
SAMSUNG.COM,0,3,0,1,6,2,11,3
S3-WEBSITE-EU-WEST-1.AMAZONAWS.COM,10,3,0,1,9,2,12,1
QOSS.COM,0,3,6,1,12,1,15,2
QHCDN.COM,0,3,5,1,6,1,15,2
NSTLD.COM,0,3,7,2,13,5,14,4
N.SHIFEN.COM,5,3,1,1,8,1,9,3
JP,0,3,1,1,4,1,13,1
IQIYI.COM,0,3,2,2,12,2,14,1
INFO,0,3,0,1,1,1,8,6
FE.APPLE-DNS.NET,4,3,1,2,10,1,12,2
EU,0,3,8,4,9,2,11,1
ES,0,3,9,2,10,1,15,1
EDU.TW,0,3,1,2,3,3,14,1
DNS.CN,0,3,0,2,3,1,5,8
CORP.SHUTTERFLY.COM,5,3,5,2,11,5,12,5
CONTOSO.CO,0,3,5,1,12,1,15,2
CONTINENT8.NET,0,3,5,1,6,1,15,2
COM.WSCDNS.COM,5,3,1,3,7,1,15,1
BR,0,3,3,2,12,1,14,1
AZUREDNS-CLOUD.NET,0,3,1,1,7,1,14,1
ARPA,6,3,6,5,8,3,14,1
ALLEGRO.PL,0,3,7,1,10,4,13,1
AKAMAIEDGE.NET,0,3,6,4,13,1,14,2
AKAMAI.NET,0,3,5,2,6,4,10,1
10.IN-ADDR.ARPA,5,3,7,1,9,2,12,1
YANDEX.RU,0,2,3,1,15,2
YAHOO.COM,1,2,3,2,12,3
WSGLB0.COM,0,2,4,1,15,2
WSCLOUDCDN.COM,0,2,9,2,15,1
WS,0,2,1,1,14,4
WEIXIN.QQ.COM,5,2,5,1,6,1
VOWIFI.SPCSDNS.NET,3,2,5,1,12,1
VN,1,2,12,2,13,6
VERISIGNDNS.COM,0,2,7,4,10,1
USCG.MIL,0,2,5,1,9,4
US,0,2,3,2,8,1
TUPPERWARE.NET,0,2,5,1,12,1
TAOBAO.COM,0,2,7,2,12,3
SANDAI.NET,0,2,1,1,9,1
PORT2408.NET,0,2,12,1,14,2
OVH.NET,0,2,2,1,12,2
OURWEBPIC.COM,0,2,14,1,15,3
OURDVS.COM,1,2,5,1,12,2
NUCLEARFALLOUT.NET,0,2,5,1,12,1
NL,0,2,11,1,13,2
NIC.UK,0,2,8,1,15,1
MOATADS.COM,0,2,2,2,5,1
ME,0,2,6,1,8,2
M.TAOBAO.COM,3,2,0,1,7,2
L.GOOGLE.COM,5,2,0,1,11,1
JD.COM,0,2,8,1,12,3
IMTT.QQ.COM,3,2,2,2,11,2
HPECORP.NET,0,2,6,1,12,1
GLBDNS2.MICROSOFT.COM,6,2,0,4,5,2
GEO.KASPERSKY.COM,3,2,1,1,10,1
ELB.AMAZONAWS.COM,5,2,0,3,7,3
ECOMA.OURWEBPIC.COM,4,2,10,1,11,3
DUBA.NET,0,2,6,2,12,3
DK,0,2,10,2,15,1
DIG.AFILIAS-NST.INFO,6,2,9,1,15,6
CZ,0,2,5,1,6,1
COMSCORE.EU,0,2,2,1,5,7
COM.WSWEBPIC.COM,3,2,2,4,8,3
COM.TW,0,2,1,1,3,2
COM.CDN20.COM,3,2,8,3,13,1
COM.BR,0,2,7,2,13,1
COLOCROSSING.COM,0,2,5,1,12,1
CO,0,2,0,2,4,2
CN.WSCDNS.COM,3,2,8,2,14,1
CLOUDFRONT.NET,0,2,3,5,11,2
CH,0,2,1,1,5,2
CDN20.COM,0,2,9,1,14,1
CDC.GOV,0,2,5,1,15,2
CCGSLB.COM.CN,7,2,4,1,10,1
BE,0,2,1,2,7,1
BAIDU.COM,0,2,1,1,14,3
AU,0,2,7,2,14,1
ARIDNS.NET.AU,7,2,7,2,11,4
APPLE.COM,0,2,3,1,7,2
3G.QQ.COM,4,2,6,1,13,1
1DOMAIN.NAME,0,2,6,1,15,2
163.COM,0,2,5,2,12,3
_TCP.DNSD.ME,2,1,4,1
YOUKU.COM,0,1,15,1
XX.FBCDN.NET,3,1,11,1
X3HOSTING.NET,0,1,5,1
WSCDNS.COM,0,1,14,1
WINDOWSCLUSTER.LOOPIA.SE,2,1,11,5
WEIBO.COM,1,1,11,4
VECON.NET.BR,2,1,6,1
UTEXAS.EDU,0,1,9,1
US-WEST-2.AMAZONAWS.COM,2,1,9,1
UPDRV.COM,0,1,10,2
ULRIC.UK,0,1,5,1
UDEL.EDU,0,1,7,1
UBS.COM,0,1,5,2
UA,1,1,14,1
TV,0,1,12,2
TRANSMITTERSTUDIOS.COM,0,1,5,1
TRAFFICMANAGER.NET,0,1,13,2
TERM.CHINACACHE.COM,3,1,14,3
SOHU.COM,0,1,12,3
SOGOU.COM,0,1,12,1
SO-NET.NET.TW,2,1,5,6
SNAPFISH.COM,0,1,12,1
SINA.COM.CN,2,1,2,4
SINA.COM,0,1,5,1
SINA.CN,0,1,7,1
SHIFEN.COM,0,1,0,2
SHADOWLANDS.RU,0,1,0,1
SH,0,1,6,5
SE,0,1,11,1
SCIENCE,0,1,10,6
SBC.LAYERED.NET,7,1,4,1
SAMSUNG.CO.KR,3,1,12,1
SAMSUNG-SVOICE.COM,0,1,7,1
S-MSEDGE.NET,0,1,12,1
RILINFO.NET,0,1,5,1
RBC.RU,0,1,7,1
QPIC.CN,0,1,8,1
QINIUDNS.COM,0,1,13,1
PRO,0,1,3,2
PMAUSA.SITE,0,1,5,1
PL,0,1,15,1
PENDINGRENEWALDELETION.COM,0,1,12,1
P04.NSONE.NET,2,1,10,4
OURWEBCDN.COM,0,1,15,3
ORG.AFILIAS-NST.ORG,3,1,5,1
OPPOMOBILE.COM,0,1,10,4
OP.58.COM,3,1,8,1
NITROSERVE.COM,0,1,5,1
NEWSMAX.COM,0,1,12,1
NEVILLEHOBSON.EU,0,1,5,1
NET.CN,0,1,13,1
NAME,1,1,1,1
MY,0,1,14,1
MX,0,1,14,1
MSFT.NET,0,1,15,2
MEDCTR.UCLA.EDU,2,1,0,2
MDT.QQ.COM,2,1,0,1
MACOMNET.RU,0,1,6,2
LU,0,1,6,4
LOGMEIN-GATEWAY.COM,0,1,9,2
LIST.DSBL.ORG,2,1,10,2
LEASEWEB.NL,0,1,5,1
LAYERED.NET,0,1,9,1
LAMEDELEGATION.NET,0,1,5,1
JPMORGAN.COM,0,1,4,1
JOMODNS.COM,0,1,7,2
IPV6.MICROSOFT.COM,4,1,3,1
IO,1,1,10,1
INSTAGRAM.COM,0,1,7,2
INFO.AFILIAS-NST.INFO,4,1,4,1
IN,0,1,6,2
IMRK.NET,0,1,12,1
IL.US,0,1,9,3
HEROKUAPP.COM,0,1,14,1
GOV.TW,0,1,8,1
GOV.CN,0,1,8,2
GOV,0,1,8,1
GOOGLEAPIS.COM,0,1,12,4
GOODNIC.NET,0,1,15,2
GANNETTDIGITAL.COM,0,1,4,1
G.DOUBLECLICK.NET,2,1,13,2
G.AKAMAIEDGE.NET,2,1,8,1
FUTURE-S.COM,0,1,2,2
FR,0,1,12,1
FORD.COM,0,1,12,1
ELS-AN.ATT.NET,6,1,6,4
EJCSOLUTIONS.COM,0,1,5,1
EDU.CN,0,1,14,1
EBOWER.COM,0,1,10,2
E.SHIFEN.COM,2,1,6,1
E.FROSTBANK.COM,2,1,5,1
DYNECT.NET.CN,4,1,5,1
DUKANE.COM,0,1,5,1
DSREDIRECTION.COM,0,1,5,1
DNSBL.SORBS.NET,2,1,11,2
DNS.PY,0,1,0,1
DNS.BR,0,1,13,5
DEVRY.NET,0,1,0,1
DECIDE4.US,0,1,5,1
D6.NET,0,1,0,2
CULLYWEBSOLUTIONS.UK,0,1,5,1
COM.WSWEBCDN.COM,2,1,14,1
COM.WSGLB0.COM,2,1,2,2
COM.MY,0,1,4,1
COM.LOCALDOMAIN.COM,2,1,1,5
COM.EDU.CN,2,1,0,1
COM.CLOUDGLB.COM,2,1,15,2
CN.CDN20.COM,2,1,14,1
CLUB,0,1,1,1
CLOUDGLB.COM,0,1,12,1
CHEROKEE.ORG,0,1,5,1
CHANGYOU.COM,0,1,2,6
CDNS.NET,0,1,15,1
CC,1,1,15,1
BRIN.BLOOMBERG.NET,2,1,14,6
BLACKCHICKENHOST.COM,0,1,12,1
BL.SPAMCOP.NET,2,1,0,1
BIZ,1,1,12,2
BEACON.QQ.COM,3,1,6,1
AWSDNS-19.CO.UK,3,1,14,2
ASEIT.COM.AU,4,1,5,1
ARIN.NET,0,1,0,1
APNIC.NET,0,1,15,2
ALIPAYDNS.COM,0,1,7,2
ALIPAY.COM,0,1,12,1
AKAM.NET,0,1,13,2
AFILIAS-NST.INFO,0,1,5,3
60.IN-ADDR.ARPA,4,1,12,1
58.COM,0,1,12,2
55.IN-ADDR.ARPA,20,1,15,2
360.CN,0,1,6,1
2MDN.NET,0,1,9,2
223.IN-ADDR.ARPA,2,1,7,1
125.IN-ADDR.ARPA,2,1,15,1
104.IN-ADDR.ARPA,2,1,13,4
_MSDCS.HSR.OFFICE,1,0,
_MSDCS.BMS,0,0,
_MSDCS.AXIO.NET,1,0,
_DOMAINKEY.WORDPRESS.COM,1,0,
ZYX.QQ.COM,1,0,
ZWPLOD.COM.CN,1,0,
ZSDJJ.COM,0,0,
ZOSXK556.SCIENCE,1,0,
ZOOMLGD.COM,0,0,
ZJSR.JUMPLINE.CC,1,0,
ZHUHAI.FANGTOO.COM,1,0,
ZGIRLS.NET,0,0,
ZAJIL.NET,0,0,
Z.MOATADS.COM,1,0,
YXIMGS.COM,0,0,
YUME.COM,0,0,
YUEDU.163.COM,1,0,
YOUTUBE.COM,0,0,
YOUTU.BE,1,0,
YOULAI.CN,0,0,
YICHE.COM,0,0,
YCGSLB.COM,0,0,
Y2002.COM,0,0,
Y.YCGSLB.COM,1,0,
Y.ARIN.NET,1,0,
XYZ,1,0,
XVIDEOS.COM,0,0,
XMPUSH.XIAOMI.COM,1,0,
XKQRGYF6QCPN.JOBFALCON.COM,1,0,
XKBML.COM,0,0,
XJJCT.GOV.CN,1,0,
XGSLB.CN,0,0,
XGOC1M2NYOESFH.WSCLOUDCDN.COM,1,0,
XG4KEN.COM,1,0,
XDWSCACHE.OURWEBCDN.COM,2,0,
XCELLAIR.COM,1,0,
XCAR.COM.CN,1,0,
X4399.COM,0,0,
X.AU,1,0,
WWWJIO.COM,1,0,
WWW.ZSDJJ.COM,1,0,
WWW.YAHOO.COM,1,0,
WWW.XVIDEOS.COM,1,0,
WWW.X4399.COM,1,0,
WWW.WIKIPEDIA.COM,1,0,
WWW.W3.ORG,1,0,
WWW.VIDICS.CH,1,0,
WWW.TWITTER.COM,1,0,
WWW.TAOBAO.COM,3,0,
WWW.SOHU.COM,2,0,
WWW.SGKB.CH,1,0,
WWW.SERVEROUTE.COM,1,0,
WWW.SCHIMMELCHECK.IMMO,1,0,
WWW.SALMONADS.COM,1,0,
WWW.RO123.NET,2,0,
WWW.QQ.COM,4,0,
WWW.QCHANNEL01.CN,1,0,
WWW.ONEPTP.COM,7,0,
WWW.OBLIKAME.CZ,1,0,
WWW.MSN.COM,1,0,
WWW.MEITUAN.COM,1,0,
WWW.LINKEDIN.COM,1,0,
WWW.JSQC8.CN,1,0,
WWW.JIUMENZHAI.COM,1,0,
WWW.JD.COM,1,0,
WWW.ILTERRAZZINOSUBOBOLI.IT,1,0,
WWW.HOWKINDOFYOU.COM,2,0,
WWW.HIK-ONLINE.COM,2,0,
WWW.GOOGLE.SH,1,0,
WWW.GOOGLE.COM,20,0,
WWW.GOOGLE-ANALYTICS.COM,1,0,
WWW.GARBAGEGARAGE.CZ,2,0,
WWW.FUWOO.COM,1,0,
WWW.FIFM.CN,1,0,
WWW.FENG.COM,1,0,
WWW.FANTASYNAMEGENERATORS.COM,1,0,
WWW.ERP.NGO,3,0,
WWW.EBAY.COM,1,0,
WWW.DUBA.NET,1,0,
WWW.DOWNLOADSOUTHMP3.COM,1,0,
WWW.DOREGAMA.COM,1,0,
WWW.DNS2005.COM,3,0,
WWW.DANA-NET.COM,2,0,
WWW.CRICKET24LIVE.COM,1,0,
WWW.CHILLESTMONKEY.COM,1,0,
WWW.CALOTTERY.COM,1,0,
WWW.BSHARE.CN,1,0,
WWW.BOOK265.CN,1,0,
WWW.BING.COM,1,0,
WWW.AUTODESK.COM,1,0,
WWW.AMAZON.COM,1,0,
WWW.ADAALO.COM,1,0,
WWW.989QHBCXSSJ13.COM,1,0,
WWW.848848.CC,1,0,
WWW.51TESTING.NET,1,0,
WWW.360.COM,1,0,
WWW.163.COM,2,0,
WWV.RENREN.COM,1,0,
WWQES.SISUIEOCWS.COM,1,0,
WSWEBPIC.COM,0,0,
WSWEBCDN.COM,0,0,
WSM.360.CN,1,0,
WSDVS.COM,0,0,
WSCLOUDSEC.COM,0,0,
WS1.TUANIMG.COM,1,0,
WS.126.NET,1,0,
WPS.CN,0,0,
WPC.V0CDN.NET,2,0,
WORLDSTREAM.NL,0,0,
WORDPRESS.COM,0,0,
WNS.WINDOWS.COM,1,0,
WINDOWSUPDATE.COM,0,0,
WINDOWS.NET,0,0,
WINDOWS.COM,0,0,
WIKIPEDIA.COM,0,0,
WIFIPORTAL.MEIZU.COM,1,0,
WEDDINGSINTHECITY.COM,0,0,
WEBHOP.ORG,1,0,
WEBCFS01.COM,0,0,
WEB-PROD.JIMDO-PLATFORM.NET,1,0,
WEATHER.OPPOMOBILE.COM,1,0,
WEATHER.HICLOUD.COM,1,0,
WD2GO.COM,0,0,
WAT2DOO.COM,0,0,
WAPHAO123.JOMODNS.COM,1,0,
WAA-TEST-KR.SAMSUNG-SVOICE.COM,1,0,
W3.ORG,0,0,
VTTI.VT.EDU,1,0,
VT.EDU,0,0,
VSSTATIC.COM,1,0,
VPYBFGQRLVBME.COM,1,0,
VODAFONE.COM,0,0,
VIVO.COM.CN,1,0,
VIVERSEMDROGA.COM.BR,1,0,
VITAMIX.COM,1,0,
VIRGILIO.NET,0,0,
VIPSINAAPP.COM,0,0,
VIP188.CDN3000.COM,1,0,
VIP.OLIVEMAIL.NET,1,0,
VIDICS.CH,0,0,
VIDEOPLEX.COM,1,0,
VIDEO.OURDVS.COM,1,0,
VIDEO.IQIYI.COM,1,0,
VIDEO.BORINGVERSE.COM,1,0,
VEVOSTG.COM,0,0,
VENARTS.COM,1,0,
VE,1,0,
VANILLAFORUMS.COM,1,0,
VALUE-DOMAIN.JP,0,0,
V3W.MOJICHINA.COM,1,0,
V0CDN.NET,0,0,
UZ,0,0,
UY,1,0,
UXIP.MEIZU.COM,3,0,
USTDATA.NET,0,0,
USP.CLUB,1,0,
USERVOICE.COM,0,0,
USER.AJKDNS2.COM,1,0,
US1-API.UBS.COM,1,0,
US.SINAIMG.CN,1,0,
US.MCAFEE.COM,1,0,
US-EAST-1.ELASTICBEANSTALK.COM,1,0,
US-EAST-1.AMAZONAWS.COM,1,0,
URS.MICROSOFT.COM,1,0,
UPQZFILE.COM,0,0,
UPGRADE.MY-TRANS.CN,1,0,
UNITRADEPROD.ALIPAY.COM,1,0,
UNIONPAY.COM,0,0,
UNION.IJINSHAN.COM,1,0,
UNI-FRANKFURT.DE,0,0,
UNBLOCKED.CAM,0,0,
UMSNS.COM,0,0,
UMS.ADTECHUS.COM,1,0,
UMEYE.CN,0,0,
UMD.EDU,0,0,
ULTRADNS.ORG,0,0,
ULTRADNS.NET,0,0,
ULTRADNS.COM,0,0,
ULTRADNS.BIZ,1,0,
UI-DNS.DE,0,0,
UI-DNS.COM,0,0,
UCZZD.CN,0,0,
UCLA.EDU,0,0,
U.DNS.PY,1,0,
U.ARIN.NET,1,0,
U-TOKYO.AC.JP,1,0,
TYPHOON.GOV.CN,1,0,
TWO.COM,0,0,
TWITTER.COM,0,0,
TWIMG.COM,0,0,
TVMORE.COM.CN,2,0,
TVAX4.SINAIMG.CN,1,0,
TVAX1.SINAIMG.CN,1,0,
TVA1.SINAIMG.CN,1,0,
TV.WSGLB0.COM,1,0,
TURNERTALK.COM,0,0,
TUANIMG.COM,0,0,
TSJL.CN,1,0,
TRIJITHOST.COM,0,0,
TRANSIP.EU,0,0,
TRACKER.T411.AL,1,0,
TRACKER.SCHOOLSED.COM,1,0,
TR,0,0,
TORUS.COM.TW,1,0,
TORRENTSDOWNLOAD.ORG,1,0,
TOP,0,0,
TOOLS.GOOGLE.COM,2,0,
TIMEWEB.ORG,0,0,
TIMENDATE.COM,0,0,
TIME-IOS.APPLE.COM,1,0,
TIAOU.COM,0,0,
THEHISTOGRAPHER.COM,1,0,
TH,0,0,
TGP.QQ.COM,1,0,
TEX-AN.NET,0,0,
TESTMAIL.COM,1,0,
TEST.ETISALCOM.BH,1,0,
TESLA.COM,1,0,
TERMINATED-DOMAIN1.LOVEREAD.WS,1,0,
TELUGUONE.COM,1,0,
TELSSR.CHINACACHE.NET,1,0,
TELENET-OPS.BE,0,0,
TELEMETRY.MICROSOFT.COM,1,0,
TELECOM.KZ,0,0,
TEAMVIEWER.COM,0,0,
TCMOBO.COM,1,0,
TAIWANJOBS.GOV.TW,1,0,
TAGS.MATHTAG.COM,1,0,
TABOOLA.COM,0,0,
T411.AL,0,0,
SYNDICATION.TWIMG.COM,1,0,
SYNC.YUME.COM,1,0,
SYMCB.COM,0,0,
SWITCHADHUB.COM,0,0,
SWID.SWITCHADHUB.COM,1,0,
SW-HEALTH.ORG,0,0,
SURFEASY.COM,0,0,
SUPPORT.COM,1,0,
SUPL.GOOGLE.COM,1,0,
SUNING.COM,0,0,
SUBWAY.COM,0,0,
SU,0,0,
STORE2.ESELLERATE.NET,1,0,
STOCKHOLM,1,0,
STEREOLIVEHOUSTON.COM,1,0,
STATE.IL.US,1,0,
STAMPCOLLECTIONCENTER.COM,1,0,
STAGING-ORIGIN.WEDDINGSINTHECITY.COM,1,0,
SSLWIDGET.CRITEO.COM,1,0,
SSLJP.PULMUONE.COM,1,0,
SS2.US,1,0,
SRV53.NET,0,0,
SRCHDELIV.COM,0,0,
SQIMG.QQ.COM,1,0,
SPSLOTS.GAUGHAN.NET,1,0,
SPORTSVUE.NET,0,0,
SPIRO.AI,1,0,
SPEEDCDNS.INFO,0,0,
SPCSDNS.NET,0,0,
SPAMCOP.NET,0,0,
SPACEWEB.PRO,0,0,
SPACEWAN.NET,0,0,
SPACE,0,0,
SP-TEST.EBOWER.COM,1,0,
SOSDG.ORG,0,0,
SORBS.NET,0,0,
SONERA.SE,0,0,
SOFTROI.FI,1,0,
SOET.IN,1,0,
SNSSDK.COM,0,0,
SN.BIGDEMO.ME,1,0,
SMARTISAN.COM,0,0,
SLCC.EDU,0,0,
SL,0,0,
SKYPE.NET,0,0,
SKYCABLE.NET,0,0,
SKF.COM,0,0,
SITE,0,0,
SISUIEOCWS.COM,0,0,
SIPIS.ACROBITS.CZ,1,0,
SINCLAIRSTORYLINE.COM,0,0,
SI-TEK.NET,0,0,
SHUTTERFLY.COM,0,0,
SHUB.SANDAI.NET,1,0,
SHUANGFEI.INFO,0,0,
SHOUJI.SOGOU.COM,2,0,
SGSG1468074283.Y2002.COM,1,0,
SGKB.CH,0,0,
SERVICECUT.MEIZU.COM,1,0,
SERVEROUTE.COM,0,0,
SENDERBASE.ORG,0,0,
SECURE.LOGMEIN.COM,1,0,
SECURE-M.BLOOMINGDALES.COM,1,0,
SEC3.APNIC.NET,2,0,
SD.360.CN,1,0,
SCSS-PROD-AN1-NOTIF-2.ADOBESC.COM,1,0,
SCSDNS.COM,0,0,
SCRANTON.EDU,0,0,
SCOLDLY.COM,0,0,
SCLOUD.LETV.COM,1,0,
SCJDMCMSPRD.CLOUDAPP.NET,2,0,
SCHOOLSED.COM,0,0,
SCHIMMELCHECK.IMMO,0,0,
SCBY1.BEFEN.NET,1,0,
SCARBOUR.COM,0,0,
SB-ADFE2KO9.SENDERBASE.ORG,1,0,
SAPBYDESIGN.COM,0,0,
SAMSUNGACR.COM,0,0,
SALMONADS.COM,0,0,
SAHAMGOSTARAN.COM,1,0,
SAFEBROWSING.GOOGLE.COM,1,0,
SAFE.MEIZU.COM,2,0,
SADECEHOSTING.COM,0,0,
SAAS.SL,0,0,
SA,0,0,
S3-WEBSITE-US-WEST-1.AMAZONAWS.COM,1,0,
S3-WEBSITE-AP-SOUTHEAST-2.AMAZONAWS.COM,1,0,
S3-US-WEST-2.AMAZONAWS.COM,1,0,
S3-US-WEST-2-W.AMAZONAWS.COM,1,0,
S3-3-W.AMAZONAWS.COM,3,0,
S3-1.AMAZONAWS.COM,1,0,
S3-1-W.AMAZONAWS.COM,4,0,
S1001-HLQZ.4399SY.COM,1,0,
S1.SYMCB.COM,1,0,
S1.2MDN.NET,1,0,
S0.2MDN.NET,1,0,
S.YOUTUBE.COM,1,0,
S.TIAOU.COM,1,0,
S.C-CTRIP.COM,1,0,
RUN,0,0,
ROUTE.HEROKUAPP.COM,2,0,
ROESER-ONLINE.DE,0,0,
RO123.NET,0,0,
RO,0,0,
RNP.BR,0,0,
RISING.COM.CN,1,0,
RIPE.NET,0,0,
RIMA-TDE.NET,0,0,
RHSBL.AHBL.ORG,1,0,
RG-BD423B6311F13B10FED60D593ACE798C.PORT2408.NET,1,0,
RG-A9EFCA94CB74861F217E49751B6302D2.PORT2408.NET,1,0,
RG-673AE130A69890B25B1AB8084D322D33.PORT2408.NET,1,0,
REVANOW.COM,0,0,
RENREN.COM,0,0,
RELIEVAL.COM,0,0,
RELAY-PROD-EUWEST1-47.WD2GO.COM,1,0,
REGDNS4.EU,0,0,
REDHAT.COM,0,0,
REDBUSSECONDARYDNS.PRRLOGISTICS.COM,1,0,
READCUBE.COM,1,0,
RDNS2.ALIDNS.COM,1,0,
RADIOJAR-LIB.APPSPOT.COM,1,0,
R.SKYPE.NET,1,0,
QUOTE.RBC.RU,1,0,
QUERY.YAHOO.COM,1,0,
QQPUBLIC.QPIC.CN,2,0,
QNYDNS.COM,0,0,
QIUMIBAO.COM,0,0,
QINIU.QNYDNS.COM,1,0,
QINIU.COM,0,0,
QIKU.COM,0,0,
QD.ANJUKE.COM,1,0,
QCHANNEL01.CN,0,0,
QCBLZX.COM,0,0,
PY,1,0,
PXL.CONNEXITY.NET,1,0,
PX.MOATADS.COM,1,0,
PUSH.UMEYE.CN,1,0,
PUREGRAFFITI.COM,1,0,
PULMUONE.COM,0,0,
PUB.3GPPNETWORK.ORG,1,0,
PTVCDN.NET,0,0,
PRRLOGISTICS.COM,0,0,
PROXY.TWO.COM,1,0,
PROTHOST.COM,0,0,
PROJECTGOLD.RU,1,0,
PRODUCTION.GANNETTDIGITAL.COM,1,0,
PREPAREYOURUPLINK.SU,1,0,
PRD4.AZUREDNS-CLOUD.NET,1,0,
PRD3.AZUREDNS-CLOUD.NET,1,0,
PRD2.AZUREDNS-CLOUD.NET,1,0,
PRD1.AZUREDNS-CLOUD.NET,1,0,
POWIEKSZENIE-BIUSTU.TOP,1,0,
POSTLOG.CUI9.COM,2,0,
POST.RO,5,0,
PORTAL.FB.COM,1,0,
POP110.CN4E.COM,1,0,
POP.NIUX88.COM,1,0,
POP-AM.RNP.BR,1,0,
POLL.KEKE.CN,1,0,
POLICY.JD.COM,1,0,
POJ-IYD.COM,0,0,
PNS01.DCSIX.NET,1,0,
PMOA.CO.JP,1,0,
PLUMGUIDE-STAGING.IMGIX.NET,1,0,
PLAZA.CMGAME.COM,1,0,
PLAYSTATION.NET,0,0,
PLATFORM.SH,0,0,
PISHAN168.COM,0,0,
PINYIN.SOGOU.COM,1,0,
PINTEREST.COM,0,0,
PINGMA.QQ.COM,2,0,
PINGHOT.QQ.COM,1,0,
PING3.TEAMVIEWER.COM,1,0,
PIC.8686C.COM,1,0,
PHSEP1.SW-HEALTH.ORG,1,0,
PHOTO.CNTV.CN,1,0,
PHHHOTO-NODE.HEROKUAPP.COM,1,0,
PENSIOENNAVIGATOR.NL,1,0,
PEER1.NET,0,0,
PDNS196.ULTRADNS.ORG,3,0,
PDNS196.ULTRADNS.NET,1,0,
PDNS196.ULTRADNS.COM,2,0,
PDNS196.ULTRADNS.BIZ,3,0,
PCH.COM,1,0,
PAYMENT.HUAJIAO.COM,1,0,
PASSPORT2.AICHAOXING.COM,1,0,
PANDORA.TV,0,0,
PANDA.TV,0,0,
PALLADIUM.CSC.COM,2,0,
PALBENKO.WS,1,0,
PACRIMERECORDS.WS,1,0,
P46-CKDATABASE.ICLOUD.COM,1,0,
P14.DYNECT.NET,2,0,
P.YOUKU.COM,1,0,
OURWEBAT.COM,0,0,
OURGLB0.COM,0,0,
OURCLOUDSEC.COM,0,0,
OTS.UTEXAS.EDU,1,0,
OT-VC.EBOWER.COM,1,0,
OSS.MUCANG.CN,1,0,
ORIGIN.SINCLAIRSTORYLINE.COM,1,0,
ORIGIN-WEBMAIL.DELOITTE.COM,1,0,
ORIGIN-US-FASTSTREAM02.ECOMSTREAMING.COM,1,0,
ORIGIN-TESTGAME1.FUNIPOLL.COM,1,0,
ORIGIN-SERVICES-SMARTDERIVATIVES.BNPPARIBAS.COM,1,0,
ORIGIN-PM.TURNERTALK.COM,1,0,
ORIGIN-IPA.AIRBNB.COM,1,0,
ORIGIN-GVPN.LGCNS.COM,1,0,
ORIGIN-ETERMINAL2.GDATA.DE,1,0,
ORIGIN-DTTSTSSTESTPROXY.DELOITTERESOURCES.COM,1,0,
ORIGIN-DOWNLOADS.ARM.COM,1,0,
ORIGIN-CAMSERVICE.GANNETTDIGITAL.COM,1,0,
ORG.CDN20.COM,1,0,
ORG.AR,1,0,
ORBYT.ES,1,0,
ORAYIMG.COM,0,0,
OPENCDNKA.JOMODNS.COM,1,0,
OPEN01F.BAIDUPAN.COM,1,0,
ONLINE.UNIONPAY.COM,1,0,
ONEWORLDSYSTEMS.NET,0,0,
ONEPTP.COM,0,0,
OMGMTA.QQ.COM,1,0,
OLIVEMAIL.NET,0,0,
OGSLB.COM,0,0,
OFFICE,0,0,
OBS.LINE-CDN.NET,1,0,
OBLIKAME.CZ,0,0,
NZ,1,0,
NYUCD.NET,0,0,
NVIDIA.COM,0,0,
NTP.ORG,1,0,
NTLWORLD.COM,1,0,
NSX2.VALUE-DOMAIN.JP,1,0,
NSONE.NET,0,0,
NSC.NIC.UK,1,0,
NSATC.NET,0,0,
NSA4.SRV53.NET,1,0,
NS7.NIC.RU,1,0,
NS6.IQMETRIX.COM,2,0,
NS6.HPECORP.NET,1,0,
NS6.HP.COM,1,0,
NS50.NBA.COM,1,0,
NS5.USCG.MIL,1,0,
NS5.NETNAMES.NET,6,0,
NS5.LEASEWEB.NL,1,0,
NS5.IQMETRIX.COM,2,0,
NS5.INWX.NET,1,0,
NS5.INCAPDNS.NET,1,0,
NS5.HUPO.COM,1,0,
NS4.YANDEX.RU,1,0,
NS4.XGSLB.CN,2,0,
NS4.USCG.MIL,1,0,
NS4.UC.CN,2,0,
NS4.TIMEWEB.ORG,1,0,
NS4.QOSS.COM,1,0,
NS4.QHCDN.COM,1,0,
NS4.PINTEREST.COM,1,0,
NS4.LEASEWEB.NET,1,0,
NS4.IQMETRIX.COM,2,0,
NS4.HUPO.COM,1,0,
NS4.HPECORP.NET,1,0,
NS4.GOOGLE.COM,1,0,
NS4.FASTLY.NET,1,0,
NS4.CONTOSO.CO,2,0,
NS4.CONTINENT8.NET,1,0,
NS4.BLACKCHICKENHOST.COM,1,0,
NS4.1DOMAIN.NAME,2,0,
NS3EXT.SCRANTON.EDU,1,0,
NS3.YANDEX.RU,1,0,
NS3.UC.CN,2,0,
NS3.TUPPERWARE.NET,1,0,
NS3.SPEEDCDNS.INFO,1,0,
NS3.SPACEWEB.PRO,1,0,
NS3.SNAPFISH.COM,1,0,
NS3.QOSS.COM,1,0,
NS3.QHCDN.COM,1,0,
NS3.NUCLEARFALLOUT.NET,2,0,
NS3.MSFT.NET,5,0,
NS3.MACOMNET.RU,1,0,
NS3.IQMETRIX.COM,2,0,
NS3.INWX.EU,1,0,
NS3.HUPO.COM,1,0,
NS3.GOOGLE.COM,1,0,
NS3.GOODNIC.NET,1,0,
NS3.FASTLY.NET,1,0,
NS3.DOMREG.LT,1,0,
NS3.CONTOSO.CO,2,0,
NS3.CONTINENT8.NET,1,0,
NS3.CDN20.ORG,1,0,
NS3.CDC.GOV,1,0,
NS3.APNIC.NET,2,0,
NS3.1DOMAIN.NAME,2,0,
NS249.COMSCORE.EU,1,0,
NS2.X3HOSTING.NET,2,0,
NS2.WAT2DOO.COM,1,0,
NS2.USTDATA.NET,2,0,
NS2.UMD.EDU,2,0,
NS2.ULRIC.UK,1,0,
NS2.UC.CN,2,0,
NS2.TUPPERWARE.NET,1,0,
NS2.TRIJITHOST.COM,2,0,
NS2.TRANSMITTERSTUDIOS.COM,2,0,
NS2.TRANSIP.EU,1,0,
NS2.SPACEWAN.NET,1,0,
NS2.SNAPFISH.COM,1,0,
NS2.SINA.COM,1,0,
NS2.SADECEHOSTING.COM,1,0,
NS2.S-MSEDGE.NET,1,0,
NS2.RILINFO.NET,1,0,
NS2.QOSS.COM,1,0,
NS2.QHCDN.COM,1,0,
NS2.PMAUSA.SITE,1,0,
NS2.PENDINGRENEWALDELETION.COM,2,0,
NS2.NUCLEARFALLOUT.NET,2,0,
NS2.NITROSERVE.COM,1,0,
NS2.NEWSMAX.COM,2,0,
NS2.NEVILLEHOBSON.EU,1,0,
NS2.MOITEPARI.BG,1,0,
NS2.LAMEDELEGATION.NET,1,0,
NS2.IQMETRIX.COM,2,0,
NS2.IMRK.NET,1,0,
NS2.HUPO.COM,1,0,
NS2.HPECORP.NET,1,0,
NS2.GOODNIC.NET,1,0,
NS2.FIBERNET.HU,1,0,
NS2.FASTLY.NET,1,0,
NS2.EJCSOLUTIONS.COM,1,0,
NS2.EDGECASTDNS.NET,1,0,
NS2.DUKANE.COM,1,0,
NS2.DSREDIRECTION.COM,1,0,
NS2.DNS.BR,1,0,
NS2.DISCOUNTASP.NET,1,0,
NS2.DINOMARKET.NET,1,0,
NS2.DECIDE4.US,1,0,
NS2.CULLYWEBSOLUTIONS.UK,1,0,
NS2.COVALTSOLUTIONS.COM,1,0,
NS2.COSTAR.COM,1,0,
NS2.CONTOSO.CO,2,0,
NS2.CONTINENT8.NET,1,0,
NS2.COLOCROSSING.COM,1,0,
NS2.CHEROKEE.ORG,1,0,
NS2.CDC.GOV,1,0,
NS2.BLACKCHICKENHOST.COM,1,0,
NS2.BITXBIT.COM,1,0,
NS2.AFRINIC.NET,2,0,
NS2.1DOMAIN.NAME,2,0,
NS16.AXENTRA.COM,1,0,
NS15.OVH.NET,1,0,
NS13.COMSCORE.EU,1,0,
NS13.AXC.NL,1,0,
NS12.COMSCORE.EU,1,0,
NS11.TEX-AN.NET,1,0,
NS11.OVH.NET,2,0,
NS1.ZAJIL.NET,1,0,
NS1.X3HOSTING.NET,2,0,
NS1.WORLDSTREAM.NL,1,0,
NS1.VODAFONE.COM,1,0,
NS1.USERVOICE.COM,1,0,
NS1.USCG.MIL,1,0,
NS1.ULRIC.UK,1,0,
NS1.UC.CN,2,0,
NS1.TUPPERWARE.NET,1,0,
NS1.TRANSMITTERSTUDIOS.COM,2,0,
NS1.SPORTSVUE.NET,1,0,
NS1.SOSDG.ORG,1,0,
NS1.SKYCABLE.NET,1,0,
NS1.SINA.COM,1,0,
NS1.S-MSEDGE.NET,1,0,
NS1.RILINFO.NET,1,0,
NS1.QHCDN.COM,1,0,
NS1.PROTHOST.COM,1,0,
NS1.POJ-IYD.COM,1,0,
NS1.PMAUSA.SITE,1,0,
NS1.PENDINGRENEWALDELETION.COM,1,0,
NS1.PEER1.NET,1,0,
NS1.NUCLEARFALLOUT.NET,2,0,
NS1.NITROSERVE.COM,1,0,
NS1.NEWSMAX.COM,2,0,
NS1.NEVILLEHOBSON.EU,1,0,
NS1.NETCOLOGNE.DE,2,0,
NS1.MSFT.NET,6,0,
NS1.LEASEWEB.NL,1,0,
NS1.LAMEDELEGATION.NET,1,0,
NS1.KIADI-GASKET.COM,1,0,
NS1.IQMETRIX.COM,2,0,
NS1.IMRK.NET,1,0,
NS1.IKP.PL,1,0,
NS1.HUPO.COM,1,0,
NS1.FUTURE-S.COM,1,0,
NS1.FASTLY.NET,2,0,
NS1.EJCSOLUTIONS.COM,1,0,
NS1.DYNECT.CN,2,0,
NS1.DUKANE.COM,1,0,
NS1.DSREDIRECTION.COM,2,0,
NS1.DNSFOR12.COM,1,0,
NS1.DECIDE4.US,1,0,
NS1.CULLYWEBSOLUTIONS.UK,3,0,
NS1.CULLYWEBSOLUTIONS.COM,3,0,
NS1.CPUCHECKS1.COM,1,0,
NS1.CONTOSO.CO,2,0,
NS1.CONTINENT8.NET,1,0,
NS1.COLOCROSSING.COM,1,0,
NS1.CNCNX.COM,1,0,
NS1.CHEROKEE.ORG,1,0,
NS1.CDN.RUN,1,0,
NS1.CDC.GOV,1,0,
NS1.ASUSCOMM.COM,1,0,
NS06.DOMAINCONTROL.COM,1,0,
NS047.ONEWORLDSYSTEMS.NET,1,0,
NS03.FARSNEWS.COM,2,0,
NS0.FUTURE-S.COM,1,0,
NS.TELENET-OPS.BE,1,0,
NS.SI-TEK.NET,2,0,
NS.QOSS.COM,1,0,
NS.MAILSPIKE.NET,1,0,
NS.MACOMNET.RU,1,0,
NS.I-TRAVELCLUB.ES,1,0,
NS.EXECULINK.COM,2,0,
NS.DULCESDIAS.COM,2,0,
NS.CLOUDFLARE.COM,1,0,
NS.BANCOPARIS.CL,1,0,
NS.AOL.COM,1,0,
NS-TEL1.QQ.COM,1,0,
NS-OS1.QQ.COM,2,0,
NS-LACNIC.NIC.MX,2,0,
NS-DE.UI-DNS.COM,1,0,
NS-CNC1.QQ.COM,1,0,
NS-CMN1.QQ.COM,2,0,
NS-B.MCAFEE.COM,2,0,
NS-A.MCAFEE.COM,2,0,
NS-934.AWSDNS-52.NET,1,0,
NS-547.AWSDNS-04.NET,1,0,
NS-1AND1.UI-DNS.DE,1,0,
NS-1073.AWSDNS-06.ORG,2,0,
NORTHCOASTCHURCH.COM,1,0,
NO-IP.COM,0,0,
NO,0,0,
NIUX88.COM,0,0,
NIMBUS.BITDEFENDER.NET,1,0,
NICNET.NIC.IN,2,0,
NIC.RU,0,0,
NIC.MX,0,0,
NIC.IN,0,0,
NIC.CLUB,0,0,
NIANET.DK,0,0,
NGO,0,0,
NETWORK,1,0,
NETNAMES.NET,0,0,
NETDNA-SSL.COM,1,0,
NETCOLOGNE.DE,0,0,
NET.TW,0,0,
NET.MY,0,0,
NET.LXDNS.COM,1,0,
NET.BR,0,0,
NET.AU,0,0,
NERD.DK,0,0,
NEARME.COM.CN,1,0,
NDLMIX.OURDVS.COM,1,0,
NBRSKIGU.AON.BZ,1,0,
NBA.NET,0,0,
NBA.COM,0,0,
NB-GATE-IO.QINIU.COM,1,0,
NARVII.COM,1,0,
N2.PANDORA.TV,2,0,
N2.D6.NET,1,0,
N1.D6.NET,1,0,
MY-TRANS.CN,0,0,
MWCLOUDCDN.COM,0,0,
MUSIC.SCOLDLY.COM,1,0,
MUSIC.MEIZU.COM,1,0,
MULTAI.IO,1,0,
MUCANG.CN,0,0,
MTRACE.QQ.COM,2,0,
MSN.COM,0,0,
MSG.IQIYI.COM,1,0,
MSFTNCSI.COM,0,0,
MSCHCDN.COM,0,0,
MS.CMCM.COM,1,0,
MRS.SUNING.COM,1,0,
MPUSH.QQ.COM,1,0,
MONEY-NEWS-ONLINE.COM,1,0,
MOJICHINA.COM,0,0,
MOITEPARI.BG,0,0,
MOFA.GOV.TW,1,0,
MOEVAX.EDU.TW,2,0,
MOESTAR.EDU.TW,2,0,
MOEMOON.EDU.TW,2,0,
MOBILELOG.UPQZFILE.COM,1,0,
MOBILEAD.KUWO.CN,1,0,
MOBILE.SINA.CN,1,0,
MOBI,0,0,
MO.BAIDU.COM,1,0,
MO,0,0,
MMSERVER.COM,0,0,
MLIVE.COM,0,0,
MK,1,0,
MJT.LU,1,0,
MISTAT.XIAOMI.COM,1,0,
MISOSOUP.IO,1,0,
MIL,0,0,
MIDINFO.BAOFENG.COM,1,0,
MENGNIU.COM.CN,1,0,
MEMBERTY.COM,0,0,
MEITUAN.COM,0,0,
MEDIAOFFERING.COM,1,0,
MEDIA1.ADMICRO.VN,1,0,
MEDI-8.NET,0,0,
MEASUREMENTAPI.COM,1,0,
MB.BAIDU.COM,1,0,
MATHTAG.COM,0,0,
MATCH.TABOOLA.COM,1,0,
MASTERWEB.NET,0,0,
MASTERWEB.COM,0,0,
MARS.BAOFENG.NET,1,0,
MARKET.XIAOMI.COM,1,0,
MAP.BAIDU.COM,1,0,
MANITU.NET,0,0,
MAJOR.ACTICES.COM,1,0,
MAILSPIKE.NET,0,0,
MAIL.XKBML.COM,1,0,
MAIL.B-IO.CO,1,0,
MAIL.AIDOSSOFTWARE.DE,1,0,
MAFF.COM,1,0,
MACRUMORS.COM,1,0,
MACAOTOURISM.GOV.MO,2,0,
M2K515.PISHAN168.COM,1,0,
M1.DNSDUN.NET,51,0,
M1.DNSDUN.COM,1,0,
M.YICHE.COM,1,0,
M.ROOT-SERVERS.NET,6,0,
M.QPIC.CN,1,0,
M.JD.COM,1,0,
M.HAO123.COM,1,0,
M.GTLD-SERVERS.NET,1,0,
M.DNS.PY,1,0,
LXDNS.COM,0,0,
LV3NS9.FFDNS.NET,2,0,
LV3NS8.FFDNS.NET,1,0,
LV3NS6.FFDNS.NET,1,0,
LV3NS3.FFDNS.NET,1,0,
LV3NS2.FFDNS.NET,1,0,
LV3NS1.FFDNS.NET,1,0,
LV3.CLOUDGLB.COM,1,0,
LT,0,0,
LSAPI.REVANOW.COM,1,0,
LOYALTY-FB-4.SHADOWLANDS.RU,1,0,
LOYALTY-FB-3.SHADOWLANDS.RU,1,0,
LOVEREAD.WS,0,0,
LOUPAN.COM,0,0,
LOOPIA.SE,0,0,
LOI8Y0V6ALR5RE.WSCLOUDCDN.COM,1,0,
LOGMEIN.COM,0,0,
LOG.UMSNS.COM,1,0,
LOG-MARKETING.JP,0,0,
LOG-INGESTION.SAMSUNGACR.COM,1,0,
LOCALDOMAIN.COM,0,0,
LOBBY.GAMETEA.COM,1,0,
LOAED.COM,1,0,
LMSV.KSMOBILE.NET,1,0,
LIVEUPDATE7.DRIVERGENIUS.COM,1,0,
LIVE.GETPANTHEON.COM,1,0,
LISTAS.20MINUTOS.ES,1,0,
LINKEDIN.COM,0,0,
LINE.QINIUDNS.COM,1,0,
LINE-CDN.NET,0,0,
LGCNS.COM,0,0,
LETV.COM,0,0,
LEASEWEB.NET,0,0,
LEAPFROG-SSL-15469.EDGEKEY.NET,1,0,
LDCACHE.NET,0,0,
LBSPEEDTEST.AILLERON.COM,1,0,
LBN.ROESER-ONLINE.DE,2,0,
LARTINITO.COM,0,0,
L.ROOT-SERVERS.NET,19,0,
L.GTLD-SERVERS.NET,1,0,
L.EDU-SERVERS.NET,1,0,
KZ,0,0,
KVIDEX.NET,1,0,
KUWO.CN,0,0,
KSN-VERDICT-GEO.KASPERSKY-LABS.COM,1,0,
KSMOBILE.NET,0,0,
KSMOBILE.COM,0,0,
KR,0,0,
KPMG.COM,0,0,
KOSHARA.CO,1,0,
KONSTANT.NO,0,0,
KIADI-GASKET.COM,0,0,
KEKE.CN,0,0,
KEFFERMAZDA.COM,1,0,
KE,0,0,
KASPERSKY.COM,0,0,
KASPERSKY-LABS.COM,0,0,
KARPATINFO.NET,1,0,
K12.IL.US,1,0,
K.ROOT-SERVERS.NET,24,0,
K.GTLD-SERVERS.NET,2,0,
JUNGFRAU.CH,1,0,
JUNCT.COM,0,0,
JUMPLINE.CC,0,0,
JSQC8.CN,0,0,
JS.MEDI-8.NET,1,0,
JOYRIDEDAY.COM,0,0,
JOBFALCON.COM,0,0,
JLU6.EDU.CN,1,0,
JIUMENZHAI.COM,0,0,
JIMDO-PLATFORM.NET,0,0,
JIJI.COM,0,0,
JIANZHI8.COM,0,0,
JH.ADSMOGO.NET,1,0,
JERMAINE.JUNCT.COM,2,0,
JAINMATRIMONY.COM,1,0,
J.ROOT-SERVERS.NET,12,0,
J.GTLD-SERVERS.NET,2,0,
IU.SNSSDK.COM,1,0,
ITUNES.APPLE.COM,1,0,
ITS.UTEXAS.EDU,1,0,
IT,0,0,
ISC.ORG,0,0,
ISATAP.DOMAIN.NAME,1,0,
IS.TIMENDATE.COM,1,0,
IPV4ONLY.ARPA,1,0,
IP6.ARPA,0,0,
IOTSECURITYRESEARCH.INFO,2,0,
INWX.NET,0,0,
INWX.EU,0,0,
INTERNETSCAN.BIZ,2,0,
INTERNETMOVILCANCUN.COM.MX,1,0,
INTERACTION-HTTP-KR2.SAMSUNG-SVOICE.COM,1,0,
INTEL,1,0,
INTEGRATE.UPDRV.COM,7,0,
INTAINED.COM,0,0,
INS6.EZNOWDNS.NET,1,0,
INS5.EZNOWDNS.NET,1,0,
INS4.EZNOWDNS.NET,1,0,
INS3.EZNOWDNS.NET,1,0,
INS2.EZNOWDNS.NET,1,0,
INS1.EZNOWDNS.NET,1,0,
INNER.BBK.COM,1,0,
INFORMATIK.UNI-FRANKFURT.DE,1,0,
INFOPARAMI.COM,1,0,
INFOC2.DUBA.NET,1,0,
INFOC0.DUBA.NET,1,0,
INFO.GGSAFE.COM,1,0,
INEWS.GTIMG.COM,1,0,
INDOMCO.FR,0,0,
INDOM30.INDOMCO.FR,1,0,
INDEED.COM,0,0,
INCAPDNS.NET,0,0,
IN-ADDR-SERVERS.ARPA,0,0,
IMMO,0,0,
IMGIX.NET,0,0,
IMGCDN.PTVCDN.NET,1,0,
IMAGE.UCZZD.CN,2,0,
IM4R.MJT.LU,1,0,
IM.WEIBO.COM,1,0,
ILTERRAZZINOSUBOBOLI.IT,0,0,
ILLINOIS.EDU,0,0,
ILHEUS.COM.BR,1,0,
IKP.PL,0,0,
IKCART.ALIPAYDNS.COM,1,0,
IJINSHAN.COM,0,0,
IEONLINE.MICROSOFT.COM,1,0,
IDUXGOT.QINIUDNS.COM,1,0,
ICLOUD.COM,0,0,
IBSGAARDEN.DK,1,0,
IBR8.BDSTATIC.COM,1,0,
I.ROOT-SERVERS.NET,5,0,
I.INSTAGRAM.COM,1,0,
I.GTLD-SERVERS.NET,4,0,
I-TRAVELCLUB.ES,0,0,
HUFFLEPUFF.SAAS.SL,1,0,
HUB5PR.SANDAI.NET,2,0,
HUB5P.SANDAI.NET,2,0,
HUAJIAO.COM,0,0,
HU,0,0,
HTML5.QQ.COM,1,0,
HT.JIANZHI8.COM,1,0,
HSR.OFFICE,0,0,
HP.COM,0,0,
HOWKINDOFYOU.COM,0,0,
HOUSOULIFE.COM,1,0,
HOST-DELAY.LOGMEIN-GATEWAY.COM,1,0,
HOLA.ORG,1,0,
HIWIFI.COM,0,0,
HINET.TW,0,0,
HINET.NET,0,0,
HIK-ONLINE.COM,0,0,
HICLOUD.COM,0,0,
HGTV.COM,1,0,
HESJPTT.NET.CN,3,0,
HELPDUBACLIENT.KSMOBILE.COM,1,0,
HEARTBEAT.BELKIN.COM,1,0,
HCM.FPT.VN,1,0,
HAONIC.NET,0,0,
HAO123.COM,0,0,
HAJ9P9MFJO1IO.DRELAIS-CHATEAUX.BBT,1,0,
H12-MEDIA.COM,1,0,
H.ROOT-SERVERS.NET,7,0,
H.LARTINITO.COM,1,0,
GUZZONI.APPLE.COM,1,0,
GUANGZHOU.GD.CN,1,0,
GTIMG.COM,0,0,
GTIMG.CN,0,0,
GT,1,0,
GRUPOGARZE.COM,1,0,
GRAPH.INSTAGRAM.COM,1,0,
GPRODUCTIONS.NET,1,0,
GPCD.GTIMG.CN,1,0,
GOV.MO,0,0,
GOOGLE.SH,0,0,
GOOGLE.COM.RU,1,0,
GOOGLE.COM.MY,1,0,
GOOGLE.COM.DO,1,0,
GOOGLE.CO.TH,1,0,
GOOGLE-ANALYTICS.COM,0,0,
GOOD.INTAINED.COM,1,0,
GOME.COM.CN,1,0,
GOILADEN.VN,1,0,
GOHAPPY.COM.TW,1,0,
GOESTOTURKEY.COM,1,0,
GMS.AHNLAB.COM,1,0,
GLOBALRESEARCH.CA,1,0,
GLOBAL.SONERA.SE,1,0,
GLOBAL.OGSLB.COM,1,0,
GLOBAL.FASTLY.NET,1,0,
GLB0.LDCACHE.NET,1,0,
GGXT.NET,0,0,
GGSAFE.COM,0,0,
GFXXTRA.UNBLOCKED.CAM,2,0,
GFE.NVIDIA.COM,1,0,
GETPANTHEON.COM,0,0,
GEO.MOATADS.COM,1,0,
GDATA.DE,0,0,
GD.CN,0,0,
GAUGHAN.NET,0,0,
GARBAGEGARAGE.CZ,0,0,
GAMETREETVHTML5.COM,1,0,
GAMETEA.COM,0,0,
GAMELOFT.COM,1,0,
GALLERYSYNC-T.SMARTISAN.COM,1,0,
G2.AKAMAI.NET,1,0,
G.ROOT-SERVERS.NET,6,0,
G.GTLD-SERVERS.NET,2,0,
G.GGXT.NET,1,0,
G.CEIPMSN.COM,1,0,
G.AKAMAI.NET,1,0,
G-NS-759.AWSDNS-53.ORG,1,0,
G-NS-493.AWSDNS-44.NET,1,0,
FZMOVIES.NET,0,0,
FUWOO.COM,0,0,
FUNIPOLL.COM,0,0,
FROSTBANK.COM,0,0,
FPT.VN,0,0,
FOWD0.RU,0,0,
FONTS.GOOGLEAPIS.COM,1,0,
FM101.UZ,1,0,
FLURRY.COM,0,0,
FLASHXML.DAMAI.CN,1,0,
FLASHTALKING.COM,1,0,
FJWC.ZOOMLGD.COM,1,0,
FIRST.SCARBOUR.COM,1,0,
FILMSMAZA.COM,1,0,
FILES.FZMOVIES.NET,1,0,
FILE.YOULAI.CN,1,0,
FIFM.CN,0,0,
FIBERNET.HU,0,0,
FI,0,0,
FENG.COM,0,0,
FELDA.NET.MY,1,0,
FEEDSPORTAL.COM,1,0,
FBI.GOV,0,0,
FBCDN.NET,0,0,
FB.COM,0,0,
FASTCDN.COM,0,0,
FARSNEWS.COM,0,0,
FANTASYNAMEGENERATORS.COM,0,0,
FANGTOO.COM,0,0,
FACEBOOK.NET,0,0,
FACEBOOK.COM,0,0,
F1G.FR,1,0,
F.ROOT-SERVERS.NET,3,0,
F.IP6.ARPA,1,0,
F.GTLD-SERVERS.NET,1,0,
EZVIZ7.COM,0,0,
EXTDNS008.FORD.COM,1,0,
EXTDNS007.FORD.COM,1,0,
EXT-DNS-2.CERN.CH,1,0,
EXPORT.YANDEX.RU,1,0,
EXECULINK.COM,0,0,
EWSAD.NET,0,0,
EWETEL.DE,0,0,
EVISA.COM.SA,1,0,
EVENTARC.COM,1,0,
ETISALCOM.BH,0,0,
ESF.LOUPAN.COM,1,0,
ESELLERATE.NET,0,0,
ERR.TAOBAO.COM,1,0,
ERP.NGO,0,0,
ENT.PLATFORM.SH,1,0,
ENFLICK.LAYERED.NET,1,0,
EMM-B-PSAAS.JPMORGAN.COM,1,0,
EMAJI.COM.TW,1,0,
EMAILSERVER07.COM,1,0,
EMAIL.SUBWAY.COM,2,0,
EMA.KPMG.COM,1,0,
ELITEC.CTMAIL.COM,1,0,
ELASTICBEANSTALK.COM,0,0,
EJQ8X05U8C888E.WSCLOUDCDN.COM,1,0,
EGAME.QQ.COM,1,0,
EG,0,0,
EFH1.COM,1,0,
EDU-SERVERS.NET,0,0,
EDGEKEY.NET,0,0,
EDGECASTDNS.NET,0,0,
ECOMSTREAMING.COM,0,0,
EBAY.COM.MY,1,0,
EBAY.COM,0,0,
EASOU.COM,0,0,
E8SVC.NET,1,0,
E.ROOT-SERVERS.NET,3,0,
E.DNS.CN,2,0,
E-PLANNING.NET,1,0,
DYNUPDATE.NO-IP.COM,1,0,
DYNECT.NET,0,0,
DYNECT.CN,0,0,
DYNAMICIP.RIMA-TDE.NET,1,0,
DXBNS1.DUHOSTING.AE,1,0,
DULCESDIAS.COM,0,0,
DUHOSTING.AE,0,0,
DTWSCACHE.OURWEBCDN.COM,1,0,
DTWSCACHE.OURWEBAT.COM,1,0,
DTLUPDATE.UPDRV.COM,1,0,
DSPG2.AKAMAI.NET,1,0,
DSCG.AKAMAIEDGE.NET,1,0,
DSCG.AKAMAI.NET,1,0,
DSCC.AKAMAIEDGE.NET,1,0,
DSBL.ORG,0,0,
DROPBOX.COM,0,0,
DRIVERGENIUS.COM,0,0,
DRELAIS-CHATEAUX.BBT,0,0,
DPOOL.SINA.CN,1,0,
DOWNLOADSOUTHMP3.COM,0,0,
DOWNLOAD.MICROSOFT.COM,1,0,
DOUBLECLICK.NET,0,0,
DOREGAMA.COM,0,0,
DOMREG.LT,0,0,
DOMAINCONTROL.COM,0,0,
DOMAIN.NAME,0,0,
DOL.COM.TR,1,0,
DO,0,0,
DNSWL.ORG,1,0,
DNSST2.SAMSUNG.COM,1,0,
DNSST.SAMSUNG.COM,1,0,
DNSSM2.SAMSUNG.COM,1,0,
DNSSM.SAMSUNG.COM,1,0,
DNSR02.TELECOM.KZ,1,0,
DNSFOR12.COM,0,0,
DNSDUN.NET,0,0,
DNSDUN.COM,0,0,
DNSD.ME,0,0,
DNSBL.MANITU.NET,1,0,
DNS4.VIRGILIO.NET,1,0,
DNS4.NIC.UK,1,0,
DNS4.ALLEGRO.PL,1,0,
DNS3.ALLEGRO.PL,1,0,
DNS2V6.CDNS.NET,1,0,
DNS2005.COM,0,0,
DNS2.UDEL.EDU,3,0,
DNS2.MASTERWEB.NET,1,0,
DNS2.ILLINOIS.EDU,2,0,
DNS2.ALLEGRO.PL,1,0,
DNS1V6.CDNS.NET,1,0,
DNS13.OVH.NET,1,0,
DNS11.OVH.NET,1,0,
DNS105.COMCAST.NET,1,0,
DNS104.COMCAST.NET,1,0,
DNS103.COMCAST.NET,1,0,
DNS102.COMCAST.NET,1,0,
DNS101.COMCAST.NET,1,0,
DNS1.UDEL.EDU,2,0,
DNS1.NIC.UK,3,0,
DNS1.MASTERWEB.COM,1,0,
DNS1.ALLEGRO.PL,1,0,
DNS.REGDNS4.EU,1,0,
DNS.NIC.CLUB,1,0,
DNS.MSFTNCSI.COM,2,0,
DNS.AITELECOM.RU,1,0,
DLV.ISC.ORG,1,0,
DLIED1.QQ.COM,1,0,
DLGSLB.COM,0,0,
DL.SHUANGFEI.INFO,1,0,
DL.PLAYSTATION.NET,1,0,
DISNEYPRIVACYCENTER.COM,1,0,
DISNEY.ES,1,0,
DISCOUNTASP.NET,0,0,
DINOMARKET.NET,0,0,
DEWEBMASTER.BE,1,0,
DEV.EZVIZ7.COM,1,0,
DESKTOP.MEMBERTY.COM,1,0,
DELOITTERESOURCES.COM,0,0,
DELOITTE.COM,0,0,
DELIVERY.FBI.GOV,1,0,
DECATHLON.COM.CN,1,0,
DDS-NS02.MMSERVER.COM,1,0,
DD.PANDA.TV,1,0,
DCSIX.NET,0,0,
DC._MSDCS.BMS,1,0,
DC.QIUMIBAO.COM,1,0,
DATAGROUP.COM.UA,1,0,
DATA.NBA.NET,1,0,
DATA.FLURRY.COM,1,0,
DANA-NET.COM,0,0,
DAMAI.CN,0,0,
D1H3ALRT74O49P.CLOUDFRONT.NET,1,0,
D1GE0KK1L5KMS0.CLOUDFRONT.NET,1,0,
D.DNS.CN,2,0,
CYG.CHANGYOU.COM,1,0,
CVC.COM.BR,1,0,
CUPID.IQIYI.COM,1,0,
CULTURES-ONLINE.DE,1,0,
CULLYWEBSOLUTIONS.COM,0,0,
CUI9.COM,0,0,
CTMAIL.COM,0,0,
CTLDL.WINDOWSUPDATE.COM,2,0,
CSCDNSSYD002D.CSC.COM,2,0,
CSCDNSSNG002D.CSC.COM,2,0,
CSCDNSNDC002D.CSC.COM,2,0,
CSCDNSMEL002D.CSC.COM,2,0,
CSCDNSMDS002D.CSC.COM,2,0,
CRSERVERS.COM,0,0,
CRL.MICROSOFT.COM,2,0,
CRITEO.COM,0,0,
CRICKET24LIVE.COM,0,0,
CRAFTAHOLICSANONYMOUS.NET,1,0,
CPUCHECKS1.COM,0,0,
CPOPAYMENTS-TST-WAA2.BANKOFAMERICA.COM,1,0,
COVALTSOLUTIONS.COM,0,0,
COUNTRIES.NERD.DK,1,0,
COUNT.CCOO.CN,1,0,
COSTAR.COM,0,0,
CORROSIF.SCIENCE,1,0,
CORE.WINDOWS.NET,1,0,
CONRAD.VEVOSTG.COM,1,0,
CONNEXITY.NET,0,0,
CONNECTIVITYCHECK.ANDROID.COM,1,0,
CONNECTEDPDF.COM,0,0,
CONNECT.FACEBOOK.NET,1,0,
CONN1.OPPOMOBILE.COM,1,0,
CONFIG.CONNECTEDPDF.COM,2,0,
CONF.LOG-MARKETING.JP,1,0,
COMPUTE-1.AMAZONAWS.COM,1,0,
COMPAGNIE.SCIENCE,1,0,
COMAWS.AJMISHRA.NET,1,0,
COM.WSCLOUDSEC.COM,1,0,
COM.UA,0,0,
COM.TR,0,0,
COM.SA,0,0,
COM.RU,0,0,
COM.NSATC.NET,1,0,
COM.MX,0,0,
COM.MWCLOUDCDN.COM,1,0,
COM.MSCHCDN.COM,1,0,
COM.IQIYI.COM,1,0,
COM.GT,0,0,
COM.FOWD0.RU,1,0,
COM.FASTCDN.COM,1,0,
COM.EG,0,0,
COM.DO,0,0,
COM.CHINAAZUREEDGE.COM,1,0,
COM.CACHECN.COM,1,0,
COM.AU,0,0,
COM.AKADNS.NET,2,0,
CO.TH,0,0,
CO.KR,0,0,
CO.KE,0,0,
CO.JP,0,0,
CNTV.CN,0,0,
CNCNX.COM,0,0,
CN4E.COM,0,0,
CN.WSGLB0.COM,1,0,
CN.WSDVS.COM,1,0,
CN.SCSDNS.COM,1,0,
CN.OURCLOUDSEC.COM,1,0,
CMHL.COM,1,0,
CMGAME.COM,0,0,
CMCM.COM,0,0,
CLOUDFLARE.NET,1,0,
CLOUDFLARE.CRSERVERS.COM,1,0,
CLOUDFLARE.COM,0,0,
CLOUDAPP.NET,0,0,
CLOUDAPP.AZURE.COM,1,0,
CLOUD1.AEGINS.NET,1,0,
CLOUD.QIKU.COM,1,0,
CLOUD.OURWEBPIC.COM,1,0,
CLOCK.REDHAT.COM,1,0,
CLOCK-E.AKAMAI.COM,1,0,
CLIENTS5.GOOGLE.COM,1,0,
CLIENTS4.GOOGLE.COM,1,0,
CLIENTS3.GOOGLE.COM,1,0,
CLIENTS1.GOOGLE.COM,3,0,
CL,0,0,
CHINACACHE.NET,0,0,
CHINACACHE.COM,0,0,
CHINAAZUREEDGE.COM,0,0,
CHILLESTMONKEY.COM,0,0,
CHANGEJIA.CHANGYOU.COM,1,0,
CFG.SRCHDELIV.COM,1,0,
CF.DUBA.NET,1,0,
CERN.CH,0,0,
CENTANET.COM,0,0,
CEIPMSN.COM,0,0,
CDNORIGIN.JIJI.COM,1,0,
CDN3000.COM,0,0,
CDN20.ORG,0,0,
CDN.RUN,0,0,
CDN.DLGSLB.COM,1,0,
CDN.ANYCAST.ME,1,0,
CDC2-ORIGIN-PSAAS-ACCESSPORTALQAF1.JPMORGAN.COM,1,0,
CD3B22264F572BB3C0258D5AB73BA60E.360WZB.CN,1,0,
CCOO.CN,0,0,
CCIT.EDU.TW,1,0,
CC.HIWIFI.COM,1,0,
CASH.RBC.RU,1,0,
CAM,0,0,
CALOTTERY.COM,0,0,
CACHECN.COM,0,0,
CACHE.WPS.CN,1,0,
CA.TRAFFICMANAGER.NET,1,0,
CA.INDEED.COM,1,0,
CA,0,0,
C3.XIAOMI.COM,1,0,
C10R.FACEBOOK.COM,1,0,
C.DNS.CN,2,0,
C-MSEDGE.NET,0,0,
C-CTRIP.COM,0,0,
C-0001.C-MSEDGE.NET,1,0,
BZ,0,0,
BYD29.SAPBYDESIGN.COM,1,0,
BUSHLANOV-ADVOKAT.RU,1,0,
BULUTOF.INFO,7,0,
BT.CO.UK,1,0,
BSHARE.CN,0,0,
BRANDS-US-ZIPLOC-REDIRECT.TRAFFICMANAGER.NET,1,0,
BP.BLOGSPOT.COM,1,0,
BORINGVERSE.COM,0,0,
BOOKING.COM,1,0,
BOOK265.CN,0,0,
BNPPARIBAS.COM,0,0,
BMS,0,0,
BLOOMINGDALES.COM,0,0,
BLOOMBERG.NET,0,0,
BLOGSPOT.COM,0,0,
BL.KONSTANT.NO,1,0,
BJ.CENTANET.COM,1,0,
BITXBIT.COM,0,0,
BITDEFENDER.NET,0,0,
BIS.ALIPAYDNS.COM,1,0,
BING.COM,0,0,
BIGDEMO.ME,0,0,
BID,0,0,
BH,0,0,
BG,0,0,
BENEFITS.MLIVE.COM,1,0,
BELKIN.COM,0,0,
BEFEN.NET,0,0,
BDSTATIC.COM,0,0,
BBT,0,0,
BBK.COM,0,0,
BBC.CO.UK,1,0,
BB5.HAONIC.NET,1,0,
BAOFENG.NET,0,0,
BAOFENG.COM,0,0,
BANRURAL.COM.GT,1,0,
BANKOFAMERICA.COM,0,0,
BANCOPARIS.CL,0,0,
BANCLUSTER.SLCC.EDU,1,0,
BAIDUSTATIC.COM,1,0,
BAIDUPAN.COM,0,0,
BAIDU.COM.EG,1,0,
BAGGI.COM,1,0,
BABY.JOYRIDEDAY.COM,1,0,
B.ROOT-SERVERS.NET,10,0,
B.IN-ADDR-SERVERS.ARPA,1,0,
B.DNS.CN,2,0,
B-IO.CO,0,0,
AZURE.COM,0,0,
AXIO.NET,0,0,
AXENTRA.COM,0,0,
AXC.NL,0,0,
AWSDNS-53.ORG,0,0,
AWSDNS-52.NET,0,0,
AWSDNS-49.CO.UK,1,0,
AWSDNS-44.NET,0,0,
AWSDNS-06.ORG,0,0,
AWSDNS-04.NET,0,0,
AWSDNS-03.CO.UK,1,0,
AW.ATOSORIGIN.COM,1,0,
AVTS.MCAFEE.COM,1,0,
AVQS.MCAFEE.COM,1,0,
AV4.NSTLD.COM,7,0,
AV3.NSTLD.COM,8,0,
AV2.NSTLD.COM,3,0,
AV1.NSTLD.COM,3,0,
AUTOOCENKA.PRO,1,0,
AUTODESK.COM,1,0,
AUTHDNS.RIPE.NET,2,0,
AUTH01.NIANET.DK,1,0,
ATT.NET,0,0,
ATOSORIGIN.COM,0,0,
ASUSCOMM.COM,0,0,
ASK.COM,10,0,
ASIA3.AKAM.NET,1,0,
ASDAGOODLIVING.CO.UK,1,0,
ARPA.DNS.BR,2,0,
ARMMF.ADOBE.COM,1,0,
ARM.COM,0,0,
AR,0,0,
APS.AMAP.COM,1,0,
APPSPOT.COM,0,0,
APPLOG.UC.CN,1,0,
APPLE-DNS.NET,0,0,
APPHOME.VIPSINAAPP.COM,1,0,
APPFLY.MOBI,1,0,
APPCHIZI.COM,0,0,
APP.58.COM,1,0,
API.TAOBAO.COM,2,0,
API.SURFEASY.COM,1,0,
API.EASOU.COM,1,0,
API.163.COM,1,0,
APERIO.SKF.COM,1,0,
AP-SOUTHEAST-2.AMAZONAWS.COM,1,0,
AON.BZ,0,0,
AOL.COM,0,0,
ANYTHING2MP3.COM,1,0,
ANYCAST.ME,0,0,
ANS3.HINET.TW,1,0,
ANS2.HINET.NET,1,0,
ANS0.EWETEL.DE,1,0,
ANJUKE.COM,0,0,
ANDROID.GOOGLEAPIS.COM,1,0,
ANDROID.COM,0,0,
AMS1.CLOUDFRONT.NET,1,0,
AMDC.ALIPAY.COM,1,0,
AMAZON.COM,0,0,
AMAP.COM,0,0,
ALLTEL.NET,1,0,
ALL.RELIEVAL.COM,1,0,
ALL-TORRENTS.1080P.SPACE,1,0,
ALITRIP.980099.COM,1,0,
ALIDNS.COM,0,0,
ALICDN.ZGIRLS.NET,1,0,
ALHINDHOLIDAYS.COM,1,0,
ALARY.ACCOUNTANT,1,0,
ALARM1.COM,1,0,
AL,0,0,
AKAMAITECH.NET,0,0,
AKAMAI.COM,0,0,
AKADNS.ORG,0,0,
AKADNS.NET,0,0,
AJMISHRA.NET,0,0,
AJKDNS2.COM,0,0,
AITELECOM.RU,0,0,
AIRBNB.COM,0,0,
AILLERON.COM,0,0,
AILITJ.APPCHIZI.COM,1,0,
AIDOSSOFTWARE.DE,0,0,
AICHAOXING.COM,0,0,
AI,0,0,
AHNLAB.COM,0,0,
AHBL.ORG,0,0,
AFRINIC.NET,0,0,
AFILIAS-NST.ORG,0,0,
AEGINS.NET,0,0,
AE,0,0,
ADTECHUS.COM,0,0,
ADSMOGO.NET,0,0,
ADOLFOAPPLES.BID,1,0,
ADOBESC.COM,0,0,
ADOBE.COM,0,0,
ADNS3.DEVRY.NET,1,0,
ADNS2.DEVRY.NET,1,0,
ADMOBI360.COM,1,0,
ADMICRO.VN,0,0,
ADMEDIA.CO.KE,1,0,
ADAALO.COM,0,0,
AD.EWSAD.NET,1,0,
ACTICES.COM,0,0,
ACROBITS.CZ,0,0,
ACERTWP.COM.TW,1,0,
ACCOUNTANT,0,0,
AC.JP,0,0,
A8.QCBLZX.COM,1,0,
A3.VERISIGNDNS.COM,3,0,
A26-128.AKADNS.ORG,1,0,
A24-66.AKAM.NET,1,0,
A2.VERISIGNDNS.COM,1,0,
A13-192.AKAMAIEDGE.NET,3,0,
A12-193.AKAMAITECH.NET,1,0,
A1.VERISIGNDNS.COM,1,0,
A.YXIMGS.COM,1,0,
A.ROOT-SERVERS.NET,2,0,
A.ORAYIMG.COM,1,0,
989QHBCXSSJ13.COM,0,0,
980099.COM,0,0,
8686C.COM,0,0,
848848.CC,0,0,
80HB81A156D.WEBCFS01.COM,1,0,
70.IN-ADDR.ARPA,1,0,
64.IN-ADDR.ARPA,1,0,
61.IN-ADDR.ARPA,1,0,
58.IN-ADDR.ARPA,1,0,
53YL.COM,1,0,
51TESTING.NET,0,0,
4399SY.COM,0,0,
3GPPNETWORK.ORG,0,0,
3GIMG.QQ.COM,1,0,
3G.YOUKU.COM,1,0,
360WZB.CN,0,0,
360GTM.COM,1,0,
360.COM,0,0,
36.IN-ADDR.ARPA,1,0,
3.LOGMEIN-GATEWAY.COM,1,0,
2DMOVIE.COM,1,0,
222.IN-ADDR.ARPA,1,0,
220.IN-ADDR.ARPA,1,0,
219.IN-ADDR.ARPA,1,0,
218.IN-ADDR.ARPA,1,0,
211.IN-ADDR.ARPA,1,0,
210.IN-ADDR.ARPA,1,0,
20MINUTOS.ES,0,0,
203.IN-ADDR.ARPA,4,0,
202.IN-ADDR.ARPA,2,0,
199.IN-ADDR.ARPA,1,0,
198.IN-ADDR.ARPA,1,0,
193.IN-ADDR.ARPA,1,0,
192.IN-ADDR.ARPA,1,0,
188.IN-ADDR.ARPA,1,0,
183.IN-ADDR.ARPA,1,0,
182.IN-ADDR.ARPA,1,0,
178.IN-ADDR.ARPA,1,0,
172.IN-ADDR.ARPA,1,0,
151.IN-ADDR.ARPA,1,0,
138.IN-ADDR.ARPA,1,0,
132.IN-ADDR.ARPA,1,0,
126.NET,0,0,
124.IN-ADDR.ARPA,1,0,
122.IN-ADDR.ARPA,1,0,
117.IN-ADDR.ARPA,1,0,
116.IN-ADDR.ARPA,1,0,
1080P.SPACE,0,0,
107-174-24-104-HOST.COLOCROSSING.COM,1,0,
*.DROPBOX.COM,1,0,
